image name,label
img_10650.jpg,V11AA72
img_2041.jpg,RVRD3B6IMI8P1
img_8668.jpg,P/O4NTBSPN6D7V7
img_1114.jpg,54VSR7LB
img_13902.jpg,O98D4H8P4SL6
img_11963.jpg,LVI64LOI6
img_11072.jpg,MVAMC
img_3002.jpg,DTTPLBL
img_19771.jpg,NP27D
img_8115.jpg,LNNBD
img_3525.jpg,SOHP3P8IA0AOVS
img_7879.jpg,DBO515O
img_16441.jpg,VNO8SIM5TP5LVOAD8P9
img_16296.jpg,DC8/LCT2DT20
img_12566.jpg,SLPB/9R76V8SP
img_5252.jpg,N49P/55PC
img_19393.jpg,T8SCV06T0OS119CST
img_16796.jpg,SMRIBN1ROH1VAMI
img_8094.jpg,TB136N3PPIL/1RM
img_322.jpg,489L3
img_9923.jpg,ICC/OC35S64P98
img_7459.jpg,0D33NTVBAIN53
img_19024.jpg,5R6BNTMTM0
img_17553.jpg,HC97O
img_9119.jpg,OCRTR62ASBTHMM142I
img_16421.jpg,A4OPBBI8D9725AD
img_16060.jpg,SLPMVV1I77I9RN
img_10120.jpg,33BM/
img_19055.jpg,CHA1RBTCP4/77PVB
img_3649.jpg,IAB3V6M01OH34
img_3941.jpg,905AII0C9HT0HHIOR6S
img_17880.jpg,HTTP3OC26M4IDN3S8AV
img_16675.jpg,V0P5T
img_12630.jpg,56RVAL/
img_11443.jpg,HS649/B/43PC/
img_12157.jpg,IIM4N04O
img_13835.jpg,H0PDDD
img_3434.jpg,TM0RD
img_18739.jpg,V2NMSB3IS998T426RN5
img_17407.jpg,S/H2MHDONB8R506V
img_15440.jpg,LH8LMV1S3ML/H
img_10406.jpg,SNHROC
img_6517.jpg,MA57N3TN30776L
img_971.jpg,R1/DN4HV/RT1BH14
img_16487.jpg,B1TCNMR25
img_19730.jpg,DP5DO03BR58BAVIOP
img_13137.jpg,T78LTIL6479
img_3669.jpg,C4SI71HPPHA
img_15983.jpg,O7NDPSTOPL/D
img_4058.jpg,DS04/6BP0/1DS2
img_14976.jpg,I8IHD2ML1AV28935
img_15698.jpg,MBMBHSN32DCBTH
img_13829.jpg,N95T5V3HNR02I8DI06S
img_13419.jpg,NTR/A60
img_960.jpg,91SVH/LO94P092I3
img_17744.jpg,M0VILB4
img_9864.jpg,0OC812N6ODPCB
img_11263.jpg,I8M26PO21B58MPRB8AL
img_15782.jpg,N5V42M9A
img_17196.jpg,61RON9679AM/T4//P
img_7554.jpg,0IR5/ID/L/IO
img_10498.jpg,B3/7C99H7H
img_17059.jpg,T5M0MD/MPD
img_17928.jpg,HVD0ITDLSPI36B50AH
img_7085.jpg,P50/R6T/O86P5T
img_14753.jpg,DP9OB1II6
img_4519.jpg,I2V93
img_3024.jpg,1OBS715/CD7VV7H
img_12121.jpg,BR9I3V
img_18494.jpg,SSCB1S1PL9/TT
img_5483.jpg,T95HNVIR
img_1419.jpg,IC8DVR1LHB
img_6209.jpg,/D5PHN9750AD3M
img_10742.jpg,IMRA0PVP3SO
img_16143.jpg,HLLDPP/5PN
img_17617.jpg,R7H8O0SBRCPCS6B4A9
img_14568.jpg,TDO46
img_980.jpg,H/CB2A0
img_2783.jpg,R91TABBTH3AOV6T22D
img_7713.jpg,5S528OT//D9D
img_11518.jpg,9D3B2/394NBPB
img_8600.jpg,NM36T7/M33N
img_11640.jpg,PIM3S982T6/5/8M
img_18830.jpg,OC7IM4020D
img_12562.jpg,ML7/4P3
img_12751.jpg,HCBC4IS1
img_6384.jpg,PHHRO2T5SM
img_4807.jpg,T93PDB9DROCBB0V
img_6195.jpg,D5MVB/6L7A3R595
img_10648.jpg,AIM1IIA2V3
img_7567.jpg,O3S/2A9H
img_16397.jpg,ABN2VTS8HAS5NBOM1
img_17524.jpg,D3M00/LM5V/7O
img_1346.jpg,OHTN/0S/T
img_13124.jpg,3P2I98N6
img_12673.jpg,CHT47SD6
img_15455.jpg,9DB2043N/L3A5/DV
img_14001.jpg,L0NS990
img_18621.jpg,H9/D5CR
img_2119.jpg,V6TOHP8PO
img_15304.jpg,HAD8O7O9
img_4309.jpg,0/PC4NB4/9OA
img_4484.jpg,BT8R1T6T0O
img_11013.jpg,NCDV33RHA80SVP
img_4770.jpg,T37B/NT7RCH6
img_2712.jpg,II6VC
img_12186.jpg,CPILV63/B
img_16615.jpg,SL577DCM7V94
img_10947.jpg,TM9MI27HTN2A68530V
img_2545.jpg,CN2C4OD3B9/BCVCLH6
img_12619.jpg,LH27N63NHR702N6A2A
img_9851.jpg,BOM44M2DRCS/CDT8C
img_4410.jpg,O0O/6
img_19647.jpg,HNAADMDA8RAR35BHO94
img_12344.jpg,9HNH0RNTHA
img_12407.jpg,LO/O587
img_9610.jpg,IM1SPC
img_10718.jpg,CDLBLR01L3O48C8IIPV
img_7571.jpg,BPCPN7HBR851/4639
img_3570.jpg,5COPL2/PO4//L
img_8602.jpg,IA9LM8SBLI
img_3559.jpg,1D2TC/SP5VDV
img_4991.jpg,HDC4H6AIO52
img_7439.jpg,9DN7SCC9VA/B2A4
img_9325.jpg,3O722S1TH1M/8R
img_2300.jpg,7BDBTDIRAD9
img_7666.jpg,ILV14S
img_5804.jpg,APCV24320/2B
img_12022.jpg,TH04IR/DSH
img_15537.jpg,D3/5/HV3I5/7
img_9757.jpg,M/MD3S5I691I21T76D
img_12014.jpg,A873M85DI
img_5211.jpg,D120P
img_11548.jpg,NDS35PCOMMC
img_12366.jpg,V39AMCR2A
img_9270.jpg,LICTBM
img_3975.jpg,N039ABCO9
img_16090.jpg,2/A/VIVS4
img_17232.jpg,A61I3H96SNH
img_17443.jpg,OVVA6
img_13656.jpg,AN3LPHH50DR/6A
img_15645.jpg,I2CHDOB08B22C
img_2730.jpg,R6CL40V
img_3298.jpg,OVAT3N8SL38MN
img_8956.jpg,H193/M5/S670PNM
img_17410.jpg,CMNLI0MLO10VVS8OTD
img_15155.jpg,HH6D1D5AIA1IRH31
img_17276.jpg,T2TLPM8RV5V0BTD480R
img_6703.jpg,TRAVM4444P1N
img_1968.jpg,A8LNRO3N91N860S4
img_4936.jpg,S1TTD7M514HL0TD3240
img_2112.jpg,IIBTC0HI42H
img_878.jpg,L2RVVLI/V3P
img_19075.jpg,16942
img_12989.jpg,HH9TIILHS
img_7277.jpg,HPNATTTL1DOTBRMS
img_5709.jpg,T3582H3AI7MTR/6
img_12078.jpg,PO3MH60B
img_6687.jpg,V9T2MTI7T347V
img_6418.jpg,RNP8SI9P/B0L5
img_10431.jpg,DP31P67OL1NHA
img_9982.jpg,12H9/49IH9NC3AB
img_19073.jpg,71LB/5V4NNM3LNOPP1
img_4629.jpg,SBAL5N761472
img_8862.jpg,NAVB83PO2RRT7C9
img_4667.jpg,NARDV3ML54L1
img_14163.jpg,VHOT4
img_385.jpg,N45SB6
img_4186.jpg,IIIHDNC81O
img_5345.jpg,C4MSSD
img_2195.jpg,OHTH8N66
img_14990.jpg,TAHHO9874M
img_12634.jpg,01RPH8
img_1077.jpg,D/B897B67OAA899MN9
img_6286.jpg,VSNVSCNA9
img_5933.jpg,HR6LIM6N2A5/P1
img_18512.jpg,T4MIB833DR134O8M
img_19717.jpg,OI181I7C09CSOM41H5
img_13363.jpg,S21V638B0H03552
img_8072.jpg,5R74RIVCRBR5L
img_17020.jpg,N/BVLB537
img_9543.jpg,SON99
img_19094.jpg,S869P59A8CB/P
img_13355.jpg,BMP/I8
img_18631.jpg,C6H2LDP
img_2848.jpg,BSHDO205DPADM81M38O
img_12791.jpg,A7164H0LMTAMMDV
img_7722.jpg,4D27TTTV4164D0B
img_812.jpg,A/S3I
img_11193.jpg,L4A3//L125O9
img_5135.jpg,0HSAI2DTRS3VLNT6
img_8510.jpg,PM101CRSTLAVRI60B
img_7434.jpg,RA3PI/S
img_16476.jpg,D1CCH7S51ITB19BAM3
img_936.jpg,1C8RPCOI3O0RNIPCV
img_11965.jpg,4882B/68T6MHOC
img_1692.jpg,TDVPHLH3NVL335/HP
img_6216.jpg,RT381L12N2M5
img_9459.jpg,V29/OD4O24L4IPA7BI0
img_12527.jpg,D2395T0DV3/IDP/5
img_15484.jpg,1PBHD0MN3I88APOII
img_5792.jpg,L6IPS5TVASL1LVHO6
img_12266.jpg,M1OR0R9H
img_2221.jpg,8IM670HC
img_15757.jpg,09ADM9
img_4693.jpg,NS/RTBTT9A3HIS
img_10108.jpg,IRL45LTRMR
img_5107.jpg,HDC05CHD0T6V8/1
img_13480.jpg,B0ID653/PNI3OPM
img_4745.jpg,S1V3N0881BB
img_1604.jpg,A0S1MI8144AVN6
img_17395.jpg,N6R4547729B2T64M/
img_16863.jpg,O1D7N3TCR4D6RMT3T
img_8213.jpg,ON5T42
img_1092.jpg,BC74B409
img_13884.jpg,L0RINVD
img_6311.jpg,B/PM99I
img_9012.jpg,H4DPTDBB94P7/
img_351.jpg,ODVML47
img_14782.jpg,H/BPALC08RBDH18L
img_1530.jpg,RPOT7OTC9S1AA
img_13591.jpg,SVT8L15C0R
img_15215.jpg,A/O04SR06T6TRT6
img_11540.jpg,RP22BCVPR1
img_218.jpg,V951T3B/L61R
img_6813.jpg,B1VVVA53H6
img_5357.jpg,DONO2LDBD
img_15729.jpg,RPR3B93
img_13043.jpg,PP27N6300TC81
img_1453.jpg,V1VIOA2494S/
img_14932.jpg,O8IAAA9O652
img_4740.jpg,38HT/M
img_2814.jpg,T8STOBSNML6LHP15
img_7886.jpg,57RL2M89VB
img_4973.jpg,P2CLSDTBIM
img_1182.jpg,LM1T1AO9LTMMC
img_10035.jpg,LS3PT41ATT5T035623
img_3947.jpg,VHTIB1C15D4OBPD/CS5
img_3189.jpg,DD3BIO15AM//5ARDNC
img_14480.jpg,AOR9THRMLRLVA
img_19826.jpg,D3T2MTD7VCD6/B0
img_9623.jpg,6HR49IHO
img_1006.jpg,OMO/1VOCPLBTL7CN9L
img_2325.jpg,B2D7M29CO5M748T
img_10645.jpg,N332MSHC77
img_19523.jpg,HVM4TA015309/3TR
img_17725.jpg,NLBOH779T1439TAC9I
img_5743.jpg,BID49B0250MIAMB7C
img_12680.jpg,CL5/SH278B3SL
img_14583.jpg,4TCIP8MNIIB69B/3
img_19257.jpg,APRPC1ASNCOO316MN2A
img_11881.jpg,5S/3VH1771P
img_1027.jpg,AS70MH7R8BI62
img_4069.jpg,LH967I0VMIB545NLSSL
img_18572.jpg,MO55SO/47R7VM
img_14652.jpg,82H39C83N5M5D1SO4VD
img_6650.jpg,/4PA1189S5C
img_15783.jpg,DI3S73690
img_17648.jpg,BLC3/NP/A78LT52ALVI
img_4622.jpg,5O1PPOM
img_10385.jpg,2NAVA05RDV4783/
img_13670.jpg,TDP57OOTS3RI8
img_14046.jpg,B3H3SV7P9P5
img_1962.jpg,DMTTT3P0SD7MMA4OSN
img_19874.jpg,O8T0LNLS6M49
img_1599.jpg,NC2T41OACHV
img_9675.jpg,V2H/V
img_10952.jpg,OLLVH5/
img_4333.jpg,V1C011V//V04N
img_12099.jpg,61649NIRN
img_6955.jpg,3PO92CA11
img_18821.jpg,BABSMTA835/MRIT1533
img_8545.jpg,R8V6BON9D4VO4LC0NI
img_15974.jpg,2483LO47VR
img_13722.jpg,DNPSOA90S82D
img_695.jpg,O1RAP4ONTSN6RL4A3B
img_15630.jpg,A8T403T3PS31
img_13589.jpg,N8I090H6//AT
img_14521.jpg,A4BMSI14
img_19917.jpg,TDV9V6
img_9770.jpg,S0MCDMN6C1691
img_13377.jpg,L13CT1/92S0TRNO
img_1034.jpg,1B25HC6PBAI
img_10842.jpg,NTB117L7MC1PBH6H
img_16592.jpg,O96V92DHD14IHH
img_10421.jpg,A78ANHM8NOIMC
img_10979.jpg,N426B340
img_2127.jpg,DBV6L
img_12187.jpg,LA6/OS
img_5970.jpg,LO8MS/5PA0R
img_13225.jpg,VTCT18R0/LINTD/VO1I
img_993.jpg,PBTN63321
img_15084.jpg,S7HIP84S85O
img_14845.jpg,IB5RTS/
img_14945.jpg,OOV112VI94SBR4
img_447.jpg,1CR2I3M4NI2V3
img_17277.jpg,5T3M7BA5C52CR3C4C09
img_5453.jpg,96MRAB54TS
img_3211.jpg,P1S3BS90TD8S6P
img_5561.jpg,TSCR8BM7LV6C26
img_18911.jpg,LTDT9S3/3IDVV4HHLH
img_3210.jpg,I52RA5CA32
img_13813.jpg,S/RTMVB2RT9VO4C
img_8966.jpg,7DC8I
img_17653.jpg,1OS2A4BL77MCP
img_10649.jpg,CAN9R56
img_19714.jpg,CMTA90HHH1SHL8S
img_3971.jpg,IC7L1RH5OSB
img_10807.jpg,DP513H/
img_19544.jpg,IIAC001OH8I94
img_11366.jpg,/MDO/SIOM1BPM165T5
img_3778.jpg,PC4L5N2BVPC210BHV4
img_13079.jpg,V9399CP
img_6352.jpg,LMSTN/V
img_4007.jpg,A50ISB16
img_3776.jpg,/M0T2IHT8I9DO0203RC
img_17147.jpg,IL832LONOM2TR1N
img_14104.jpg,V/28M0CSR/6A9DSM0D
img_19145.jpg,3TIV959V91/T4P52
img_19183.jpg,L9OVM8
img_8426.jpg,9PI7C6P1N51P3M001T
img_4337.jpg,OM/PN/D0TV725S
img_8117.jpg,TH0DNB5N4PD
img_7763.jpg,ISIHDISTI
img_14012.jpg,N9M63OISD281IRA58
img_13651.jpg,MO2C0/OIA8VB1IN2V
img_438.jpg,MSH4241A2M
img_16533.jpg,ATDPV94SCC7C1L70RI
img_3269.jpg,I38288MLRNLH2BT2
img_3752.jpg,IBA04O260PD5L6OB0LI
img_9113.jpg,BOB4N4AB9AM3
img_9440.jpg,T1RBMTCTNMRR14D3AO
img_1739.jpg,OPAIA3CHN0/H
img_606.jpg,C/08LTNA54/N840PLD
img_17085.jpg,SD4IP
img_12998.jpg,C2H4S9TNANSDCD662A
img_16972.jpg,7TRV/3OR783VL
img_18366.jpg,D4C5DC6/3P0AMOAI
img_15683.jpg,C2B6AMPC46N49IL
img_11037.jpg,OCRRC18V4R
img_5746.jpg,O37/PDA
img_11584.jpg,OCHSM8
img_6270.jpg,TTO166A/3OC
img_8851.jpg,O74S7V3T8D4T
img_18408.jpg,4R7V5OMO
img_6600.jpg,IVV/4VNL
img_11378.jpg,CB27S02
img_17189.jpg,OCD35370TVDIT01MH8
img_11605.jpg,AP5SLSD208C9VAIVV
img_6909.jpg,P77NB3NH7I462AOVRON
img_738.jpg,A62BS6T50MS5B6O6RC3
img_1994.jpg,L124B7L30
img_119.jpg,BO54P2H107587HRT/
img_14926.jpg,537BT4776/4D8B8
img_17609.jpg,D/TA/LRNVIV85
img_17436.jpg,20I85TAP8LNTNB11
img_18553.jpg,BIO/L4M621PCP5P2I
img_7293.jpg,2RP73/5I
img_3405.jpg,RHALP5H11SL71P2
img_10537.jpg,DRIAI
img_18466.jpg,BD1C5PVI00LCA9O
img_8626.jpg,CL7CD6ASD/A
img_3481.jpg,H9L3H
img_17818.jpg,VABI1701TH29/5TMI8
img_127.jpg,APTT5LID7B423
img_13426.jpg,I0SV6/MBA5I
img_10610.jpg,B2BSB17293N82C
img_15273.jpg,PMVALM94538P2PL79
img_19580.jpg,P9R0N
img_19285.jpg,5IH92
img_12822.jpg,NCC8RCDBA2ST4LM
img_3073.jpg,AR18N
img_2380.jpg,TSCO0M
img_2483.jpg,IB0AC24227HC
img_3461.jpg,A15T6L
img_15231.jpg,BSC959NRAA9OLC7TDTH
img_7458.jpg,SRM8S153D809MO6I1
img_15884.jpg,CD1D2/
img_6885.jpg,N0PINMBL3VRPN2O
img_15097.jpg,NH09OSB
img_18684.jpg,H9H3RACP7C78D0APS/
img_14970.jpg,A1V5H0HSISI/4M26207
img_803.jpg,8/N094HM/A
img_474.jpg,/8M/4//CD8978L/
img_8608.jpg,VNDC19VRT
img_6482.jpg,IM5V3/N3O8O725B00CA
img_18287.jpg,S0CT18V6NBTD/91
img_5557.jpg,71DP0SLBS4HBT2
img_13948.jpg,IM5PAAPM3V
img_8891.jpg,O1BIS3B14LAH4/LPR
img_12521.jpg,C/HIT37C
img_4448.jpg,CT6M4CHI7IA6DBRRRH
img_484.jpg,TI5/VHN5MD65N6
img_10422.jpg,O933C
img_19411.jpg,T29D611ONN8I/LNO
img_14900.jpg,V5C2OLIVBVNC3B/TD7
img_11226.jpg,HNPIRMVTR
img_19132.jpg,SRPSVSL2D3R98C
img_7920.jpg,OR/I/S5POLM36AN4197
img_7911.jpg,H4DV4DPI47V941R84
img_2766.jpg,33M7HM1/7VMHDHT
img_14865.jpg,H/I37I2IB
img_16506.jpg,VLMBLIP456/159NA3D
img_11688.jpg,D0I8R13RB4OCS6C
img_4037.jpg,HD9BS9V457TB
img_856.jpg,5R39CPOO
img_16136.jpg,1/HHV2TN8
img_8830.jpg,B0D031V53A6PD6BD
img_8803.jpg,TMB2L2N/M1
img_11838.jpg,PCNHPR90R9N3
img_3826.jpg,12C5I177TN
img_18127.jpg,L5AVVA
img_5995.jpg,A4665IVMV
img_503.jpg,ON3N/ARRI8
img_2959.jpg,IT1NVPILNP9
img_7988.jpg,M350C07307MS
img_9640.jpg,M2P28AC2DAVO4MI48
img_8109.jpg,CIR6S
img_5382.jpg,TP2LDIL07D0V
img_13951.jpg,H5PC4CN68TOBA16V5P/
img_13138.jpg,BRSMH90O5S68PA04D6B
img_17987.jpg,HH0B09V87V4MR
img_13435.jpg,VTTA/HTH3P
img_7725.jpg,DNAC0R8O/A
img_12033.jpg,SNSN4MRMS0AI4I
img_8129.jpg,0LI//008M1SV4
img_12787.jpg,4P4TD3/C9OSOI
img_8292.jpg,NP6PTTBO5LDTT6B7IB
img_18321.jpg,R/SP6AO39V31TBC
img_13060.jpg,108MC
img_3295.jpg,DIM4/M4DA/AP5L
img_8957.jpg,A40B901VMDCRHR
img_115.jpg,M9/NHI0T834DC8MB
img_5647.jpg,CV5DH2DA5PLA5S0H0
img_12624.jpg,H7857/76
img_14747.jpg,AVAR425OBD
img_7181.jpg,7P23R
img_1710.jpg,PN9OA
img_15957.jpg,VA3IS
img_5817.jpg,LIAR299AIRP8A4IO
img_15278.jpg,VOSTSI8L5R99BR
img_2480.jpg,A/7608/IM/4D0APL
img_10250.jpg,AH1OHIO6NVTMB1
img_4032.jpg,RT36/L08D34
img_13347.jpg,N000B7LDNPR/8S4P/AB
img_16530.jpg,P966H1H12NTH
img_9514.jpg,4MSMT7
img_4610.jpg,D2/B8187A3
img_5117.jpg,NHMA542TV41D
img_16946.jpg,A0TMN4R7359R7RH1RT
img_6385.jpg,NSMOIVAPNVT
img_15139.jpg,HSAB0BB13O/DT
img_6271.jpg,O4IV/65SM
img_341.jpg,A7S11PP5P0/HM51
img_828.jpg,PB/D9V0BDR/
img_12529.jpg,VD4M9SVHL/
img_11551.jpg,VNCL1/C119/2I21
img_9527.jpg,VCSMP8S61/9P4
img_11836.jpg,NA753L/BPP1DTP
img_313.jpg,S2/IVL1H3/8RORA85
img_11697.jpg,D01P0233
img_10051.jpg,BB6VHD4RDD5M8R46V
img_12863.jpg,MNCMPL04VI6BB03A
img_16070.jpg,N1T9NP/TO1A9S/L
img_17136.jpg,52SNRL9
img_18261.jpg,N97C0B14M6POS4
img_4909.jpg,N/L20OPT64
img_17796.jpg,N2D9L63L
img_8873.jpg,T/1VR/
img_18285.jpg,VTPBA2A767
img_409.jpg,LP81B7O65PO82
img_3795.jpg,CCSBV6I3OTT
img_2703.jpg,D6RR2DRR/13L
img_10342.jpg,M02CL31/V9N
img_4981.jpg,IVSS7NB
img_8582.jpg,6590HN6BOLATRCI0MT
img_7667.jpg,H11AP250M59MT36TB1
img_17517.jpg,TORDAVB245IC
img_17183.jpg,H13BS4SBNBC6OI
img_9725.jpg,4T7RR6BTT7250
img_18153.jpg,59061
img_7499.jpg,817IIR
img_17036.jpg,6T5AVCCDPI7T
img_7720.jpg,O5504N4R
img_1905.jpg,V59C6RPA
img_6717.jpg,PR4ICL781
img_2174.jpg,IS/VA//931IM8OI
img_6769.jpg,I7L1M
img_7161.jpg,O5BT1D10PMO43
img_6504.jpg,C1N5NRRC
img_18765.jpg,HI5VHL0
img_4420.jpg,RAAI9L69BOIN
img_1272.jpg,BP0LVN/V758MD
img_451.jpg,NSINB6L5
img_3519.jpg,/AARNPI97P
img_17477.jpg,CC91NOBSV5CM6
img_9567.jpg,CVAM1D8/R3R832I2
img_247.jpg,H7R1O
img_17815.jpg,CRSH/N1TVLL5M43
img_1747.jpg,O2P96S68063AM39RV49
img_2085.jpg,MPS54/R85//2
img_12492.jpg,TB3VMI9B2OV13
img_13351.jpg,L8BRCIH47L14HM8H7
img_4974.jpg,6ACIB42PO5L1TH4LL49
img_3498.jpg,P2NL5DH0I7656R0I
img_13442.jpg,DL/3S7MAPHB6LCD
img_1084.jpg,V2H72RH61T44TH
img_4935.jpg,L79VB4IAT
img_6237.jpg,S6D07MHO/D
img_6734.jpg,S5MVMVP
img_12983.jpg,5B0I28TN6C
img_14249.jpg,LH1O9DI68IB
img_11982.jpg,A3I9LA7
img_5922.jpg,9C9214A44P9AOM/
img_17268.jpg,LCCLC2S0BV5L9V
img_8948.jpg,L0A8RVBIT7VMD7CB4V
img_19450.jpg,ICOM4HR
img_4149.jpg,RB6HV3CO11D0MR6/
img_5099.jpg,VNA82I9
img_9512.jpg,M56LCLAS18//388RA
img_13259.jpg,RR0O0HPM305
img_17360.jpg,OR/OAOSN6023NLO
img_17037.jpg,VAAO8
img_3335.jpg,BL13P
img_17585.jpg,IB6SCB37V0D
img_19819.jpg,DA7CL12R29HDNO/89T
img_13728.jpg,8/89C721D/O/CRR
img_9893.jpg,T5SDMPNO1I3N77D7M
img_7650.jpg,B4OPC5
img_2238.jpg,/A95/
img_14204.jpg,IABPH/8BIT7OISP
img_251.jpg,NN/LS0ORPVTCDP
img_8196.jpg,B/RBV6DOVPTCC1C
img_4706.jpg,0TBSTC/8A8ARIM
img_8143.jpg,V83VV86I69D1M8C
img_2714.jpg,75R2CBI8M1PHVSSSO
img_18079.jpg,LT//LT
img_9529.jpg,T48169MA5LD50
img_10341.jpg,CSB2PONR7
img_15290.jpg,DDP26HM680D1P5894C
img_326.jpg,ID6/R13IB5I48M5NS5
img_4980.jpg,VLV1AIV6T18316R628
img_7438.jpg,L077A4
img_6647.jpg,CCT/TH/PTH7
img_6258.jpg,CO7ATNHDV0HDO1O7
img_9047.jpg,H00TV814ROT
img_3393.jpg,N4R/VLVNMLB1AC
img_17664.jpg,P5DM6RI70L
img_19414.jpg,MVIA0M97CIPBRTMC
img_16117.jpg,IRAB/S99N2HNP6NB1H
img_1337.jpg,N0I39T6L7
img_3168.jpg,0B849L
img_12860.jpg,N5ATPV
img_19814.jpg,1R3/0V4LR5P0RCN/
img_2393.jpg,HL/DAB5
img_19915.jpg,6V2DM2T35P4RM14CH1
img_15179.jpg,B0RDBA/11881CCI1/N
img_5923.jpg,PSBR6BA
img_16297.jpg,ITCDBAI1254
img_2743.jpg,B2771OAB0SAV
img_5005.jpg,S/390N
img_18716.jpg,R8C444TR6SA36L01T
img_19613.jpg,D3HL4H
img_11643.jpg,37DAI8P4
img_4119.jpg,PVDL9VMTA27/
img_2090.jpg,I18408N343II0/C
img_7443.jpg,L7MO/LL8ACAPR7DP730
img_8731.jpg,5TP3/N5S
img_14404.jpg,LTPC6S/
img_5702.jpg,ML0T9NL8DHR06C/B
img_3800.jpg,RV/H2O6
img_11419.jpg,AICH5CNAS22MO3V
img_2008.jpg,B7SOVPB603S8SA8
img_1493.jpg,O9SB0184VS385990T/
img_9282.jpg,V4C5I//R8
img_7789.jpg,63IIB19B
img_3848.jpg,P7HD8AN7/5LDAD2A9
img_15650.jpg,R5695MN3LI6PMV5DS/9
img_19143.jpg,VHLLMRPS86BR
img_18551.jpg,N7N687B00/4311M7
img_19249.jpg,O08/39M342LOA
img_4194.jpg,H/4TT7
img_1512.jpg,9BM6155
img_2748.jpg,ICO90AHBA6RPRT
img_18211.jpg,N73I9O7VC04S
img_3733.jpg,9CI23S
img_7654.jpg,265TT19
img_2346.jpg,VV1TL6LO1
img_2519.jpg,M338A3PI4/45N2
img_718.jpg,R/3L1B0BVV8O8
img_139.jpg,DD0OOSND14IM068
img_17947.jpg,9749B8T2TSTMOMNAC
img_17762.jpg,BI0H7
img_2444.jpg,DRB7TLHA3/8B
img_5198.jpg,ANS5NNNH832I
img_1402.jpg,IS68TB57I18/MM4P5
img_16321.jpg,O/OLSMC5TI0M3TN
img_1730.jpg,TH54IR6
img_9260.jpg,MHRR5C7M2I89
img_3721.jpg,LSVIV880SB7BS8/LD/
img_17840.jpg,TO23A26R/LO7
img_19736.jpg,5NNB9II5P94I0477T9A
img_8121.jpg,T0HM/
img_9531.jpg,VNSP4BAH9MDV/D
img_17730.jpg,P1IVV740NC9
img_18906.jpg,AB8AVDA6LOCN0
img_14283.jpg,BMN7DC7/2/C49474NA5
img_4074.jpg,T4R7R83
img_9049.jpg,H6670CS665CI
img_6438.jpg,TLSBTC6PCD75BS
img_2267.jpg,M3OSOSVSA
img_2830.jpg,B/6H2BL840H23D1OR
img_10495.jpg,D9CA10P73B8
img_14177.jpg,9OTL0HATIRHS9C8BDV2
img_12291.jpg,P/RD94
img_8366.jpg,P2SV/
img_16894.jpg,BPB406B
img_8466.jpg,MNVB60I14HM5
img_2932.jpg,A4B8/VH867I
img_13784.jpg,N/NL13R29NT7V/AM91
img_16075.jpg,M1NL83T
img_12950.jpg,N5250R4P7H4T
img_2946.jpg,HB8M187
img_17514.jpg,AA08MR
img_11292.jpg,H/D5OC2SVA42CC4
img_19606.jpg,O6R78PIBN9H7D1M59HH
img_9390.jpg,SV04PMDCVSDODAH8HAS
img_9293.jpg,1PV5AB20D4T81S0R
img_17747.jpg,P163AV0OB/1L128LA0N
img_6162.jpg,L19986
img_9758.jpg,ISP00R31
img_8544.jpg,M0C80PM
img_2579.jpg,RMB991379CASS5
img_4387.jpg,DH7P934C36O3V6NNH
img_11225.jpg,LL6/PM1T/D
img_18149.jpg,V8/HTI744H0I1382L
img_4832.jpg,SRPP4SB24P/6LIM0RS
img_9391.jpg,S/N5OOV8N1
img_6705.jpg,NVMRSH/76/
img_16192.jpg,CODCI0ND5HR/M07CBP
img_2626.jpg,DNV0D6/5IHMADVDT3
img_9098.jpg,4NCOB9A4IM4
img_10872.jpg,LTS40H3/37D3H
img_6888.jpg,H7/BC1S1I0T13/CLB
img_19364.jpg,S94S6P0D27T5HT6O
img_5687.jpg,9A3R/93LRRLI/HT68BB
img_4949.jpg,C7SI44VIAA532O09AS
img_14306.jpg,CL3BSP6T7NB9
img_11330.jpg,PI7PRRT
img_19490.jpg,/S40P2A
img_1805.jpg,LSM131H8183O1OMAM
img_13811.jpg,HV147/DLIRVD8L599H
img_11997.jpg,CTHS8P6TPVI8C0CONI7
img_16480.jpg,SVIN2N/
img_8508.jpg,S645IA906C43L
img_19715.jpg,TARIP73STH
img_8575.jpg,N53AP5N/M5O37AOO80
img_4877.jpg,ICH4S19CPCIAV85AHHL
img_10879.jpg,C4MVO3D0V30
img_1147.jpg,O2LTR6P8I/117P85H
img_6076.jpg,D7644TB
img_6309.jpg,I/L5T8
img_6210.jpg,5/7LO/9C4PTB
img_16879.jpg,M5DC94R6T6
img_5714.jpg,N064OIIN3I4DT0
img_15992.jpg,9BOB/
img_15143.jpg,HB248L3SR5DCTO/03HR
img_13302.jpg,OV953DIM
img_424.jpg,/IN1A1VB2NBII8A1
img_7360.jpg,AH3421POOSC7TBTC
img_19416.jpg,TMMRL1B
img_7241.jpg,AA30B7CSTC8NOBP
img_15703.jpg,BC4VV
img_9995.jpg,VH91I2T7
img_15486.jpg,SB4LCAVOI91P4AD
img_2177.jpg,V035SPMA323TARAVC7
img_7051.jpg,LN8425L2SHA9L/8B5AL
img_6405.jpg,DSC/318PO23L7P0B9MB
img_5351.jpg,IHR0NVNV36
img_12906.jpg,HA278VDP2MTMD6RL
img_1606.jpg,/D4B6BOHO133IV6V/C
img_3062.jpg,P80OO098
img_17402.jpg,LLD2VBSD3V1V/TO/L86
img_3488.jpg,B4VBM59T
img_4201.jpg,O69RR
img_18505.jpg,H6DVI5C5CH8N8O7
img_17687.jpg,HA13NMBTMD5TC7S0
img_16598.jpg,R8/CB45HH2RS7
img_2805.jpg,VPVCAH52R
img_12349.jpg,C6TOI0N
img_18689.jpg,ITSBI50/8SR3DT7V9
img_6248.jpg,VRRT81L
img_9704.jpg,3C2317S1143
img_6914.jpg,RRSMT2/3V136TB3HAR
img_14037.jpg,5A99BT92H3
img_4031.jpg,IA1MV0DA2R0P59/PV
img_4449.jpg,R05MIC75C/RI4C
img_11262.jpg,M40LH9NBA3
img_18576.jpg,MS26HMRA272IT
img_3528.jpg,RTOPNPP6L5
img_18787.jpg,TST506I9ID3NO
img_15569.jpg,AP/7LH3BRI/0LB8A
img_17682.jpg,P2RVA2BIA
img_2319.jpg,V52POA
img_12783.jpg,C0DS9SV6L
img_8099.jpg,/TTC56B105TTT0N7
img_3509.jpg,VLC07M51VHI1P8PRRDT
img_11340.jpg,T9I2I
img_8165.jpg,BARCNMS69T//2O
img_5394.jpg,SS208M9/I7VL5P7VT3
img_8025.jpg,LAD541PPM/55/
img_4393.jpg,NHHAVPDH93L1H
img_4590.jpg,VV38SR66B142HVIH
img_16144.jpg,AAT568R2L3R
img_1052.jpg,PNTR182A3S
img_10330.jpg,T0DS1
img_16861.jpg,//ODACS56MAO
img_2578.jpg,I91DNIOO6H9O1P
img_10504.jpg,P9A7PHA7T571V7AM
img_19882.jpg,NVNTNS8A07
img_8352.jpg,C5NS5IPIH8
img_17458.jpg,ML5D8NDRVVR4C
img_19375.jpg,NB8MS85I/2/906
img_4724.jpg,AC85H39VRHN3LN5CSL
img_18918.jpg,IT512TSCDS9T
img_2232.jpg,MNR50R1PH9H5NNSLO
img_2777.jpg,15974
img_15131.jpg,V668AOLC831D315
img_1290.jpg,B//7HPH62B/T41O43TP
img_14761.jpg,HA716RL25O1C
img_2207.jpg,MTM6R4BV
img_3449.jpg,VNLC3M0OPSCB84
img_15249.jpg,0IP9CTRI0NV
img_9509.jpg,RNA863LI0S
img_3035.jpg,L9C1HP/
img_16262.jpg,DHPI9NLAD
img_16817.jpg,27TICBL3MI95
img_15337.jpg,7BRL6C1N37HSH5
img_10182.jpg,RDR78HO
img_2998.jpg,R294ICIAP8NI9D
img_6759.jpg,RI0R6PD13IT7
img_2265.jpg,MD74NB9BO
img_7337.jpg,ALC1AI
img_10676.jpg,DTRBDI2PA1V8A3ST72
img_4505.jpg,763BD36VO
img_18426.jpg,DVII4O8TP
img_19201.jpg,MSI4NHTP0OASOTVSLL
img_6692.jpg,LOM62
img_14801.jpg,89MV9MDLH4M/V24
img_14030.jpg,CH7H0BPV6C13/
